Row,Mean,Median,StdDev,Range
before1_var,21.9274595032774,23,7.18721854317659,36
before2_var,20.7468485376283,21,5.24619462076085,27.7912266220672
after1_var,28.4760424993799,28,5.56837089201998,27.7912266220672
after2_var,33.1129710813649,35,8.60444993124725,36.8956133110336
bef_all,21.337154020453,22,6.31946561278564,36
aft_all,30.7945067903721,30,7.60883375320466,36.8956133110336
