Row,Mean,Std. Dev.,Std. Err. Mean,Std. Err. Std. Dev,LB 95% Conf. Int. Mean,UB 95% Conf. Int. Mean,LB 95% Conf. Int. Std. Dev.,UB 95% Conf. Std. Dev.
data1,27.9545357637778,9.83580952605898,0.0718076218863266,0.0507776862256453,27.8137863306345,28.0952851969212,9.73729293528138,9.93635409322735
data2,25.0495149770813,7.2244506357395,0.0527430526397633,0.0372964611161226,24.9461338238516,25.1528961303111,7.1520897136427,7.2983011165032
