Row,Mean,Std. Dev.,Std. Err. Mean,Std. Err. Std. Dev,LB 95% Conf. Int. Mean,UB 95% Conf. Int. Mean,LB 95% Conf. Int. Std. Dev.,UB 95% Conf. Std. Dev.
data1,21.337154020453,6.31946561278564,0.0467659723323667,0.0330698944853874,21.2454883225898,21.4288197183162,6.25531375769944,6.38495625987955
data2,30.7945067903721,7.60883375320466,0.0563076896983215,0.0398171846787535,30.6841384303479,30.9048751503963,7.53159291826396,7.68768653549042
